<?xml version="1.0" encoding="UTF-8"?>
<project-private xmlns="http://www.netbeans.org/ns/project-private/1">
    <editor-bookmarks xmlns="http://www.netbeans.org/ns/editor-bookmarks/2" lastBookmarkId="0"/>
    <open-files xmlns="http://www.netbeans.org/ns/projectui-open-files/2">
        <group>
            <file>file:/Users/nahomyrada/Desktop/GrupoDentalAcuario/GrupoDentalAcuario/src/Modelo/Paciente.java</file>
            <file>file:/Users/nahomyrada/Desktop/GrupoDentalAcuario/GrupoDentalAcuario/src/Modelo/GrupoDental.java</file>
            <file>file:/Users/nahomyrada/Desktop/GrupoDentalAcuario/GrupoDentalAcuario/src/Modelo/Factura.java</file>
            <file>file:/Users/nahomyrada/Desktop/GrupoDentalAcuario/GrupoDentalAcuario/src/Modelo/Pago.java</file>
            <file>file:/Users/nahomyrada/Desktop/GrupoDentalAcuario/GrupoDentalAcuario/src/Modelo/Especialista.java</file>
            <file>file:/Users/nahomyrada/Desktop/GrupoDentalAcuario/GrupoDentalAcuario/src/Vista/EleccionCita.java</file>
            <file>file:/Users/nahomyrada/Desktop/GrupoDentalAcuario/GrupoDentalAcuario/src/Modelo/Modelo.java</file>
            <file>file:/Users/nahomyrada/Desktop/GrupoDentalAcuario/GrupoDentalAcuario/src/Controlador/Controladora.java</file>
            <file>file:/Users/nahomyrada/Desktop/GrupoDentalAcuario/GrupoDentalAcuario/src/Vista/PrincipalEspecialista.java</file>
            <file>file:/Users/nahomyrada/Desktop/GrupoDentalAcuario/GrupoDentalAcuario/src/Vista/PrincipalAdministrador.java</file>
        </group>
    </open-files>
</project-private>
